"","process","scenario","year","GWh_sum"
"1","ESS","OSP_BASE","2017",0
"2","ESS","OSP_BASE","2020",0
"3","ESS","OSP_BASE","2025",0
"4","ESS","OSP_BASE","2030",0
"5","ESS","OSP_BASE","2035",0
"6","ESS","OSP_BASE","2040",0
"7","ESS","OSP_BASE","2045",448.6404757
"8","ESS","OSP_BASE","2050",1159.549691
"9","기타재생","OSP_BASE","2017",1486.104225092
"10","기타재생","OSP_BASE","2020",1879.592143026
"11","기타재생","OSP_BASE","2025",1987.372730226
"12","기타재생","OSP_BASE","2030",2061.236349426
"13","기타재생","OSP_BASE","2035",2229.012284466
"14","기타재생","OSP_BASE","2040",2229.012284466
"15","기타재생","OSP_BASE","2045",2229.012284466
"16","기타재생","OSP_BASE","2050",2229.012284466
"17","석유","OSP_BASE","2017",277.076774436
"18","석유","OSP_BASE","2020",164.76016644
"19","석유","OSP_BASE","2025",83.28985949
"20","석유","OSP_BASE","2030",164.76016644
"21","석유","OSP_BASE","2035",0
"22","석유","OSP_BASE","2040",0
"23","석유","OSP_BASE","2045",0
"24","석유","OSP_BASE","2050",0
"25","석탄","OSP_BASE","2017",20359.7906381
"26","석탄","OSP_BASE","2020",20373.1756601
"27","석탄","OSP_BASE","2025",18675.3528961
"28","석탄","OSP_BASE","2030",14469.0619221
"29","석탄","OSP_BASE","2035",12153.795091
"30","석탄","OSP_BASE","2040",9056.829206
"31","석탄","OSP_BASE","2045",8115.117505
"32","석탄","OSP_BASE","2050",3760.2813183
"33","신에너지","OSP_BASE","2017",233.4491227
"34","신에너지","OSP_BASE","2020",737.9979574
"35","신에너지","OSP_BASE","2025",1279.4273511
"36","신에너지","OSP_BASE","2030",2224.8994883
"37","신에너지","OSP_BASE","2035",2441.428488
"38","신에너지","OSP_BASE","2040",3577.6176344
"39","신에너지","OSP_BASE","2045",3577.6176344
"40","신에너지","OSP_BASE","2050",4251.9250422
"41","양수","OSP_BASE","2017",0
"42","양수","OSP_BASE","2020",360
"43","양수","OSP_BASE","2025",360
"44","양수","OSP_BASE","2030",398.29787234
"45","양수","OSP_BASE","2035",497.8723404
"46","양수","OSP_BASE","2040",497.8723404
"47","양수","OSP_BASE","2045",612.3897
"48","양수","OSP_BASE","2050",561.3936378
"49","원자력","OSP_BASE","2017",12722.404137
"50","원자력","OSP_BASE","2020",13755.9693806
"51","원자력","OSP_BASE","2025",14998.460975
"52","원자력","OSP_BASE","2030",12069.918346
"53","원자력","OSP_BASE","2035",10294.930354
"54","원자력","OSP_BASE","2040",9111.605026
"55","원자력","OSP_BASE","2045",6744.95437
"56","원자력","OSP_BASE","2050",6744.95437
"57","천연가스CC","OSP_BASE","2017",4600.7170367
"58","천연가스CC","OSP_BASE","2020",3536.8340762
"59","천연가스CC","OSP_BASE","2025",2231.6782515
"60","천연가스CC","OSP_BASE","2030",8176.4094831
"61","천연가스CC","OSP_BASE","2035",10659.8454468
"62","천연가스CC","OSP_BASE","2040",12619.115818
"63","천연가스CC","OSP_BASE","2045",11576.618584
"64","천연가스CC","OSP_BASE","2050",11848.000567
"65","태양광","OSP_BASE","2017",593.2285051
"66","태양광","OSP_BASE","2020",1678.8336021
"67","태양광","OSP_BASE","2025",3682.7031141
"68","태양광","OSP_BASE","2030",3985.8616191
"69","태양광","OSP_BASE","2035",5346.7351071
"70","태양광","OSP_BASE","2040",9529.680174
"71","태양광","OSP_BASE","2045",13209.8477
"72","태양광","OSP_BASE","2050",17630.52041
"73","풍력","OSP_BASE","2017",185.9827939
"74","풍력","OSP_BASE","2020",225.38809692
"75","풍력","OSP_BASE","2025",1124.0917786
"76","풍력","OSP_BASE","2030",1388.0831686
"77","풍력","OSP_BASE","2035",3842.1552716
"78","풍력","OSP_BASE","2040",4679.048742
"79","풍력","OSP_BASE","2045",4679.048742
"80","풍력","OSP_BASE","2050",4679.048742
"81","해상풍력","OSP_BASE","2017",0
"82","해상풍력","OSP_BASE","2020",79.7504196
"83","해상풍력","OSP_BASE","2025",525.8429942
"84","해상풍력","OSP_BASE","2030",2066.579861
"85","해상풍력","OSP_BASE","2035",2066.579861
"86","해상풍력","OSP_BASE","2040",2066.579861
"87","해상풍력","OSP_BASE","2045",2066.579861
"88","해상풍력","OSP_BASE","2050",2066.579861
"89","ESS","OSP_CN_REN_10","2017",0
"90","ESS","OSP_CN_REN_10","2020",0
"91","ESS","OSP_CN_REN_10","2025",0
"92","ESS","OSP_CN_REN_10","2030",0
"93","ESS","OSP_CN_REN_10","2035",0
"94","ESS","OSP_CN_REN_10","2040",107.8371155
"95","ESS","OSP_CN_REN_10","2045",122.3423177
"96","ESS","OSP_CN_REN_10","2050",1414.827343
"97","기타재생","OSP_CN_REN_10","2017",1486.104225092
"98","기타재생","OSP_CN_REN_10","2020",1879.592143026
"99","기타재생","OSP_CN_REN_10","2025",1987.372730226
"100","기타재생","OSP_CN_REN_10","2030",2061.236349426
"101","기타재생","OSP_CN_REN_10","2035",2229.012284466
"102","기타재생","OSP_CN_REN_10","2040",2229.012284466
"103","기타재생","OSP_CN_REN_10","2045",2229.012284466
"104","기타재생","OSP_CN_REN_10","2050",2229.012284466
"105","석유","OSP_CN_REN_10","2017",277.076774436
"106","석유","OSP_CN_REN_10","2020",164.76016644
"107","석유","OSP_CN_REN_10","2025",83.28985949
"108","석유","OSP_CN_REN_10","2030",89.413578205
"109","석유","OSP_CN_REN_10","2035",0
"110","석유","OSP_CN_REN_10","2040",0
"111","석유","OSP_CN_REN_10","2045",0
"112","석유","OSP_CN_REN_10","2050",0
"113","석탄","OSP_CN_REN_10","2017",20359.7906381
"114","석탄","OSP_CN_REN_10","2020",20373.1756601
"115","석탄","OSP_CN_REN_10","2025",19030.1823961
"116","석탄","OSP_CN_REN_10","2030",14304.03836964
"117","석탄","OSP_CN_REN_10","2035",11897.533555
"118","석탄","OSP_CN_REN_10","2040",8955.510932
"119","석탄","OSP_CN_REN_10","2045",5653.3180636
"120","석탄","OSP_CN_REN_10","2050",1391.1630789
"121","신에너지","OSP_CN_REN_10","2017",233.4491227
"122","신에너지","OSP_CN_REN_10","2020",737.9979574
"123","신에너지","OSP_CN_REN_10","2025",1279.4273511
"124","신에너지","OSP_CN_REN_10","2030",2224.8994883
"125","신에너지","OSP_CN_REN_10","2035",2441.4284879
"126","신에너지","OSP_CN_REN_10","2040",3376.6225918
"127","신에너지","OSP_CN_REN_10","2045",3376.6225918
"128","신에너지","OSP_CN_REN_10","2050",4050.9299998
"129","양수","OSP_CN_REN_10","2017",0
"130","양수","OSP_CN_REN_10","2020",360
"131","양수","OSP_CN_REN_10","2025",360
"132","양수","OSP_CN_REN_10","2030",398.29787234
"133","양수","OSP_CN_REN_10","2035",497.8723404
"134","양수","OSP_CN_REN_10","2040",497.8723404
"135","양수","OSP_CN_REN_10","2045",558.7389816
"136","양수","OSP_CN_REN_10","2050",521.5479346
"137","원자력","OSP_CN_REN_10","2017",12722.404137
"138","원자력","OSP_CN_REN_10","2020",13755.9693806
"139","원자력","OSP_CN_REN_10","2025",14998.460975
"140","원자력","OSP_CN_REN_10","2030",12069.918346
"141","원자력","OSP_CN_REN_10","2035",10294.930354
"142","원자력","OSP_CN_REN_10","2040",9111.605026
"143","원자력","OSP_CN_REN_10","2045",6744.95437
"144","원자력","OSP_CN_REN_10","2050",6744.95437
"145","천연가스CC","OSP_CN_REN_10","2017",4600.7170367
"146","천연가스CC","OSP_CN_REN_10","2020",3536.8340763
"147","천연가스CC","OSP_CN_REN_10","2025",2175.1083479
"148","천연가스CC","OSP_CN_REN_10","2030",8416.8124317
"149","천연가스CC","OSP_CN_REN_10","2035",10296.45112303
"150","천연가스CC","OSP_CN_REN_10","2040",11773.27784233
"151","천연가스CC","OSP_CN_REN_10","2045",14782.8163224
"152","천연가스CC","OSP_CN_REN_10","2050",14876.227701
"153","태양광","OSP_CN_REN_10","2017",593.2285051
"154","태양광","OSP_CN_REN_10","2020",1678.8336021
"155","태양광","OSP_CN_REN_10","2025",3682.7031141
"156","태양광","OSP_CN_REN_10","2030",3985.8616191
"157","태양광","OSP_CN_REN_10","2035",5381.6288771
"158","태양광","OSP_CN_REN_10","2040",11799.019
"159","태양광","OSP_CN_REN_10","2045",13611.49359
"160","태양광","OSP_CN_REN_10","2050",18088.63426
"161","풍력","OSP_CN_REN_10","2017",185.9827939
"162","풍력","OSP_CN_REN_10","2020",225.38809692
"163","풍력","OSP_CN_REN_10","2025",1124.0917786
"164","풍력","OSP_CN_REN_10","2030",1388.0831686
"165","풍력","OSP_CN_REN_10","2035",4915.8909596
"166","풍력","OSP_CN_REN_10","2040",4679.048742
"167","풍력","OSP_CN_REN_10","2045",4679.048742
"168","풍력","OSP_CN_REN_10","2050",4679.048742
"169","해상풍력","OSP_CN_REN_10","2017",0
"170","해상풍력","OSP_CN_REN_10","2020",79.7504196
"171","해상풍력","OSP_CN_REN_10","2025",525.8429942
"172","해상풍력","OSP_CN_REN_10","2030",2066.579861
"173","해상풍력","OSP_CN_REN_10","2035",2066.579861
"174","해상풍력","OSP_CN_REN_10","2040",2066.579861
"175","해상풍력","OSP_CN_REN_10","2045",2066.579861
"176","해상풍력","OSP_CN_REN_10","2050",2066.579861
"177","ESS","OSP_CN_REN_20","2017",0
"178","ESS","OSP_CN_REN_20","2020",0
"179","ESS","OSP_CN_REN_20","2025",0
"180","ESS","OSP_CN_REN_20","2030",0
"181","ESS","OSP_CN_REN_20","2035",0
"182","ESS","OSP_CN_REN_20","2040",0
"183","ESS","OSP_CN_REN_20","2045",448.6404757
"184","ESS","OSP_CN_REN_20","2050",1159.549691
"185","기타재생","OSP_CN_REN_20","2017",1486.104225092
"186","기타재생","OSP_CN_REN_20","2020",1879.592143026
"187","기타재생","OSP_CN_REN_20","2025",1987.372730226
"188","기타재생","OSP_CN_REN_20","2030",2061.236349426
"189","기타재생","OSP_CN_REN_20","2035",2229.012284466
"190","기타재생","OSP_CN_REN_20","2040",2229.012284466
"191","기타재생","OSP_CN_REN_20","2045",2229.012284466
"192","기타재생","OSP_CN_REN_20","2050",2229.012284466
"193","석유","OSP_CN_REN_20","2017",277.076774436
"194","석유","OSP_CN_REN_20","2020",164.76016644
"195","석유","OSP_CN_REN_20","2025",83.28985949
"196","석유","OSP_CN_REN_20","2030",164.76016644
"197","석유","OSP_CN_REN_20","2035",0
"198","석유","OSP_CN_REN_20","2040",0
"199","석유","OSP_CN_REN_20","2045",0
"200","석유","OSP_CN_REN_20","2050",0
"201","석탄","OSP_CN_REN_20","2017",20359.7906381
"202","석탄","OSP_CN_REN_20","2020",20373.1756601
"203","석탄","OSP_CN_REN_20","2025",18675.3528961
"204","석탄","OSP_CN_REN_20","2030",14469.0619221
"205","석탄","OSP_CN_REN_20","2035",12153.795091
"206","석탄","OSP_CN_REN_20","2040",9056.829206
"207","석탄","OSP_CN_REN_20","2045",8115.117505
"208","석탄","OSP_CN_REN_20","2050",3760.2813183
"209","신에너지","OSP_CN_REN_20","2017",233.4491227
"210","신에너지","OSP_CN_REN_20","2020",737.9979574
"211","신에너지","OSP_CN_REN_20","2025",1279.4273511
"212","신에너지","OSP_CN_REN_20","2030",2224.8994883
"213","신에너지","OSP_CN_REN_20","2035",2441.4284887
"214","신에너지","OSP_CN_REN_20","2040",3577.6176344
"215","신에너지","OSP_CN_REN_20","2045",3577.6176344
"216","신에너지","OSP_CN_REN_20","2050",4251.9250427
"217","양수","OSP_CN_REN_20","2017",0
"218","양수","OSP_CN_REN_20","2020",360
"219","양수","OSP_CN_REN_20","2025",360
"220","양수","OSP_CN_REN_20","2030",398.29787234
"221","양수","OSP_CN_REN_20","2035",497.8723404
"222","양수","OSP_CN_REN_20","2040",497.8723404
"223","양수","OSP_CN_REN_20","2045",612.3897
"224","양수","OSP_CN_REN_20","2050",561.3936378
"225","원자력","OSP_CN_REN_20","2017",12722.404137
"226","원자력","OSP_CN_REN_20","2020",13755.9693806
"227","원자력","OSP_CN_REN_20","2025",14998.460975
"228","원자력","OSP_CN_REN_20","2030",12069.918346
"229","원자력","OSP_CN_REN_20","2035",10294.930354
"230","원자력","OSP_CN_REN_20","2040",9111.605026
"231","원자력","OSP_CN_REN_20","2045",6744.95437
"232","원자력","OSP_CN_REN_20","2050",6744.95437
"233","천연가스CC","OSP_CN_REN_20","2017",4600.7170367
"234","천연가스CC","OSP_CN_REN_20","2020",3536.834076
"235","천연가스CC","OSP_CN_REN_20","2025",2231.6782515
"236","천연가스CC","OSP_CN_REN_20","2030",8176.4094832
"237","천연가스CC","OSP_CN_REN_20","2035",10659.8454478
"238","천연가스CC","OSP_CN_REN_20","2040",12619.115818
"239","천연가스CC","OSP_CN_REN_20","2045",11576.618585
"240","천연가스CC","OSP_CN_REN_20","2050",11848.000567
"241","태양광","OSP_CN_REN_20","2017",593.2285051
"242","태양광","OSP_CN_REN_20","2020",1678.8336021
"243","태양광","OSP_CN_REN_20","2025",3682.7031141
"244","태양광","OSP_CN_REN_20","2030",3985.8616191
"245","태양광","OSP_CN_REN_20","2035",5346.7351071
"246","태양광","OSP_CN_REN_20","2040",9529.680174
"247","태양광","OSP_CN_REN_20","2045",13209.8477
"248","태양광","OSP_CN_REN_20","2050",17630.52041
"249","풍력","OSP_CN_REN_20","2017",185.9827939
"250","풍력","OSP_CN_REN_20","2020",225.38809692
"251","풍력","OSP_CN_REN_20","2025",1124.0917786
"252","풍력","OSP_CN_REN_20","2030",1388.0831686
"253","풍력","OSP_CN_REN_20","2035",3842.1552716
"254","풍력","OSP_CN_REN_20","2040",4679.048742
"255","풍력","OSP_CN_REN_20","2045",4679.048742
"256","풍력","OSP_CN_REN_20","2050",4679.048742
"257","해상풍력","OSP_CN_REN_20","2017",0
"258","해상풍력","OSP_CN_REN_20","2020",79.7504196
"259","해상풍력","OSP_CN_REN_20","2025",525.8429942
"260","해상풍력","OSP_CN_REN_20","2030",2066.579861
"261","해상풍력","OSP_CN_REN_20","2035",2066.579861
"262","해상풍력","OSP_CN_REN_20","2040",2066.579861
"263","해상풍력","OSP_CN_REN_20","2045",2066.579861
"264","해상풍력","OSP_CN_REN_20","2050",2066.579861
"265","ESS","OSP_CN_REN_30","2017",0
"266","ESS","OSP_CN_REN_30","2020",0
"267","ESS","OSP_CN_REN_30","2025",0
"268","ESS","OSP_CN_REN_30","2030",0
"269","ESS","OSP_CN_REN_30","2035",0
"270","ESS","OSP_CN_REN_30","2040",107.8371155
"271","ESS","OSP_CN_REN_30","2045",104.5209132
"272","ESS","OSP_CN_REN_30","2050",1041.762339
"273","기타재생","OSP_CN_REN_30","2017",1486.104225092
"274","기타재생","OSP_CN_REN_30","2020",1879.592143026
"275","기타재생","OSP_CN_REN_30","2025",1987.372730226
"276","기타재생","OSP_CN_REN_30","2030",2061.236349426
"277","기타재생","OSP_CN_REN_30","2035",2229.012284466
"278","기타재생","OSP_CN_REN_30","2040",2229.012284466
"279","기타재생","OSP_CN_REN_30","2045",2229.012284466
"280","기타재생","OSP_CN_REN_30","2050",2229.012284466
"281","석유","OSP_CN_REN_30","2017",277.076774436
"282","석유","OSP_CN_REN_30","2020",164.76016644
"283","석유","OSP_CN_REN_30","2025",83.28985949
"284","석유","OSP_CN_REN_30","2030",89.413578205
"285","석유","OSP_CN_REN_30","2035",0
"286","석유","OSP_CN_REN_30","2040",0
"287","석유","OSP_CN_REN_30","2045",0
"288","석유","OSP_CN_REN_30","2050",0
"289","석탄","OSP_CN_REN_30","2017",20359.7906381
"290","석탄","OSP_CN_REN_30","2020",20373.1756601
"291","석탄","OSP_CN_REN_30","2025",19030.1823961
"292","석탄","OSP_CN_REN_30","2030",14212.8003861
"293","석탄","OSP_CN_REN_30","2035",11897.533555
"294","석탄","OSP_CN_REN_30","2040",6787.812754
"295","석탄","OSP_CN_REN_30","2045",2453.541075
"296","석탄","OSP_CN_REN_30","2050",0
"297","신에너지","OSP_CN_REN_30","2017",233.4491227
"298","신에너지","OSP_CN_REN_30","2020",737.9979574
"299","신에너지","OSP_CN_REN_30","2025",1279.4273511
"300","신에너지","OSP_CN_REN_30","2030",2224.8994883
"301","신에너지","OSP_CN_REN_30","2035",2441.4284878
"302","신에너지","OSP_CN_REN_30","2040",3376.6225918
"303","신에너지","OSP_CN_REN_30","2045",3376.6225918
"304","신에너지","OSP_CN_REN_30","2050",4050.9299996
"305","양수","OSP_CN_REN_30","2017",0
"306","양수","OSP_CN_REN_30","2020",360
"307","양수","OSP_CN_REN_30","2025",360
"308","양수","OSP_CN_REN_30","2030",398.29787234
"309","양수","OSP_CN_REN_30","2035",497.8723404
"310","양수","OSP_CN_REN_30","2040",504.0727915
"311","양수","OSP_CN_REN_30","2045",497.8723404
"312","양수","OSP_CN_REN_30","2050",497.8723404
"313","원자력","OSP_CN_REN_30","2017",12722.404137
"314","원자력","OSP_CN_REN_30","2020",13755.9693806
"315","원자력","OSP_CN_REN_30","2025",14998.460975
"316","원자력","OSP_CN_REN_30","2030",12069.918346
"317","원자력","OSP_CN_REN_30","2035",10294.930354
"318","원자력","OSP_CN_REN_30","2040",9111.605026
"319","원자력","OSP_CN_REN_30","2045",6744.95437
"320","원자력","OSP_CN_REN_30","2050",6744.95437
"321","천연가스CC","OSP_CN_REN_30","2017",4600.7170367
"322","천연가스CC","OSP_CN_REN_30","2020",3536.8340767
"323","천연가스CC","OSP_CN_REN_30","2025",2175.1083479
"324","천연가스CC","OSP_CN_REN_30","2030",8333.4247897
"325","천연가스CC","OSP_CN_REN_30","2035",8582.07273703
"326","천연가스CC","OSP_CN_REN_30","2040",13226.98560397
"327","천연가스CC","OSP_CN_REN_30","2045",17090.705096
"328","천연가스CC","OSP_CN_REN_30","2050",13642.488177
"329","태양광","OSP_CN_REN_30","2017",593.2285051
"330","태양광","OSP_CN_REN_30","2020",1678.8336021
"331","태양광","OSP_CN_REN_30","2025",3682.7031141
"332","태양광","OSP_CN_REN_30","2030",4146.4450061
"333","태양광","OSP_CN_REN_30","2035",6959.1777411
"334","태양광","OSP_CN_REN_30","2040",12444.54091
"335","태양광","OSP_CN_REN_30","2045",14379.24335
"336","태양광","OSP_CN_REN_30","2050",20460.09494
"337","풍력","OSP_CN_REN_30","2017",185.9827939
"338","풍력","OSP_CN_REN_30","2020",225.38809692
"339","풍력","OSP_CN_REN_30","2025",1124.0917786
"340","풍력","OSP_CN_REN_30","2030",1388.0831686
"341","풍력","OSP_CN_REN_30","2035",4915.8909596
"342","풍력","OSP_CN_REN_30","2040",4679.048742
"343","풍력","OSP_CN_REN_30","2045",4679.048742
"344","풍력","OSP_CN_REN_30","2050",4679.048742
"345","해상풍력","OSP_CN_REN_30","2017",0
"346","해상풍력","OSP_CN_REN_30","2020",79.7504196
"347","해상풍력","OSP_CN_REN_30","2025",525.8429942
"348","해상풍력","OSP_CN_REN_30","2030",2066.579861
"349","해상풍력","OSP_CN_REN_30","2035",2066.579861
"350","해상풍력","OSP_CN_REN_30","2040",2066.579861
"351","해상풍력","OSP_CN_REN_30","2045",2066.579861
"352","해상풍력","OSP_CN_REN_30","2050",2066.579861
"353","ESS","OSP_CN_REN_40","2017",0
"354","ESS","OSP_CN_REN_40","2020",0
"355","ESS","OSP_CN_REN_40","2025",0
"356","ESS","OSP_CN_REN_40","2030",0
"357","ESS","OSP_CN_REN_40","2035",0
"358","ESS","OSP_CN_REN_40","2040",107.8371155
"359","ESS","OSP_CN_REN_40","2045",62.36436233
"360","ESS","OSP_CN_REN_40","2050",1476.033221
"361","기타재생","OSP_CN_REN_40","2017",1486.104225092
"362","기타재생","OSP_CN_REN_40","2020",1879.592143026
"363","기타재생","OSP_CN_REN_40","2025",1987.372730226
"364","기타재생","OSP_CN_REN_40","2030",2061.236349426
"365","기타재생","OSP_CN_REN_40","2035",2229.012284466
"366","기타재생","OSP_CN_REN_40","2040",2229.012284466
"367","기타재생","OSP_CN_REN_40","2045",2229.012284466
"368","기타재생","OSP_CN_REN_40","2050",2229.012284466
"369","석유","OSP_CN_REN_40","2017",277.076774436
"370","석유","OSP_CN_REN_40","2020",164.76016644
"371","석유","OSP_CN_REN_40","2025",83.28985949
"372","석유","OSP_CN_REN_40","2030",89.413578205
"373","석유","OSP_CN_REN_40","2035",0
"374","석유","OSP_CN_REN_40","2040",0
"375","석유","OSP_CN_REN_40","2045",0
"376","석유","OSP_CN_REN_40","2050",0
"377","석탄","OSP_CN_REN_40","2017",20359.7906381
"378","석탄","OSP_CN_REN_40","2020",20373.1756601
"379","석탄","OSP_CN_REN_40","2025",19030.1823961
"380","석탄","OSP_CN_REN_40","2030",14212.8003861
"381","석탄","OSP_CN_REN_40","2035",11897.533555
"382","석탄","OSP_CN_REN_40","2040",5688.66695005
"383","석탄","OSP_CN_REN_40","2045",767.0416861
"384","석탄","OSP_CN_REN_40","2050",0
"385","신에너지","OSP_CN_REN_40","2017",233.4491227
"386","신에너지","OSP_CN_REN_40","2020",737.9979574
"387","신에너지","OSP_CN_REN_40","2025",1279.4273511
"388","신에너지","OSP_CN_REN_40","2030",2224.8994883
"389","신에너지","OSP_CN_REN_40","2035",2441.4284879
"390","신에너지","OSP_CN_REN_40","2040",3376.6225918
"391","신에너지","OSP_CN_REN_40","2045",3463.15666101
"392","신에너지","OSP_CN_REN_40","2050",4050.9299999
"393","양수","OSP_CN_REN_40","2017",0
"394","양수","OSP_CN_REN_40","2020",360
"395","양수","OSP_CN_REN_40","2025",360
"396","양수","OSP_CN_REN_40","2030",398.29787234
"397","양수","OSP_CN_REN_40","2035",497.8723404
"398","양수","OSP_CN_REN_40","2040",498.8988146
"399","양수","OSP_CN_REN_40","2045",497.8723404
"400","양수","OSP_CN_REN_40","2050",497.8723404
"401","원자력","OSP_CN_REN_40","2017",12722.404137
"402","원자력","OSP_CN_REN_40","2020",13755.9693806
"403","원자력","OSP_CN_REN_40","2025",14998.460975
"404","원자력","OSP_CN_REN_40","2030",12069.918346
"405","원자력","OSP_CN_REN_40","2035",10294.930354
"406","원자력","OSP_CN_REN_40","2040",9111.605026
"407","원자력","OSP_CN_REN_40","2045",6744.95437
"408","원자력","OSP_CN_REN_40","2050",6744.95437
"409","천연가스CC","OSP_CN_REN_40","2017",4600.7170367
"410","천연가스CC","OSP_CN_REN_40","2020",3536.83407631
"411","천연가스CC","OSP_CN_REN_40","2025",2175.1083479
"412","천연가스CC","OSP_CN_REN_40","2030",8184.6486367
"413","천연가스CC","OSP_CN_REN_40","2035",7724.88354403
"414","천연가스CC","OSP_CN_REN_40","2040",13983.7520352
"415","천연가스CC","OSP_CN_REN_40","2045",18260.635238
"416","천연가스CC","OSP_CN_REN_40","2050",11659.4638214
"417","태양광","OSP_CN_REN_40","2017",593.2285051
"418","태양광","OSP_CN_REN_40","2020",1678.8336021
"419","태양광","OSP_CN_REN_40","2025",3682.7031141
"420","태양광","OSP_CN_REN_40","2030",4283.2575651
"421","태양광","OSP_CN_REN_40","2035",7816.3669341
"422","태양광","OSP_CN_REN_40","2040",12751.20297
"423","태양광","OSP_CN_REN_40","2045",14804.72287
"424","태양광","OSP_CN_REN_40","2050",22262.04387
"425","풍력","OSP_CN_REN_40","2017",185.9827939
"426","풍력","OSP_CN_REN_40","2020",225.38809692
"427","풍력","OSP_CN_REN_40","2025",1124.0917786
"428","풍력","OSP_CN_REN_40","2030",1388.0831686
"429","풍력","OSP_CN_REN_40","2035",4915.8909596
"430","풍력","OSP_CN_REN_40","2040",4679.048742
"431","풍력","OSP_CN_REN_40","2045",4679.048742
"432","풍력","OSP_CN_REN_40","2050",4629.134626
"433","해상풍력","OSP_CN_REN_40","2017",0
"434","해상풍력","OSP_CN_REN_40","2020",79.7504196
"435","해상풍력","OSP_CN_REN_40","2025",525.8429942
"436","해상풍력","OSP_CN_REN_40","2030",2066.579861
"437","해상풍력","OSP_CN_REN_40","2035",2066.579861
"438","해상풍력","OSP_CN_REN_40","2040",2066.579861
"439","해상풍력","OSP_CN_REN_40","2045",2066.579861
"440","해상풍력","OSP_CN_REN_40","2050",2045.428317
"441","ESS","OSP_CN_REN_50","2017",0
"442","ESS","OSP_CN_REN_50","2020",0
"443","ESS","OSP_CN_REN_50","2025",0
"444","ESS","OSP_CN_REN_50","2030",0
"445","ESS","OSP_CN_REN_50","2035",107.8371155
"446","ESS","OSP_CN_REN_50","2040",107.8371155
"447","ESS","OSP_CN_REN_50","2045",464.7846001
"448","ESS","OSP_CN_REN_50","2050",2203.230177
"449","기타재생","OSP_CN_REN_50","2017",1486.104225092
"450","기타재생","OSP_CN_REN_50","2020",1879.592143026
"451","기타재생","OSP_CN_REN_50","2025",1987.372730226
"452","기타재생","OSP_CN_REN_50","2030",2061.236349426
"453","기타재생","OSP_CN_REN_50","2035",2229.012284466
"454","기타재생","OSP_CN_REN_50","2040",2229.012284466
"455","기타재생","OSP_CN_REN_50","2045",2229.012284466
"456","기타재생","OSP_CN_REN_50","2050",2229.012284466
"457","석유","OSP_CN_REN_50","2017",277.076774436
"458","석유","OSP_CN_REN_50","2020",164.76016644
"459","석유","OSP_CN_REN_50","2025",83.28985949
"460","석유","OSP_CN_REN_50","2030",89.413578205
"461","석유","OSP_CN_REN_50","2035",0
"462","석유","OSP_CN_REN_50","2040",0
"463","석유","OSP_CN_REN_50","2045",0
"464","석유","OSP_CN_REN_50","2050",0
"465","석탄","OSP_CN_REN_50","2017",20359.7906381
"466","석탄","OSP_CN_REN_50","2020",20373.1756601
"467","석탄","OSP_CN_REN_50","2025",19045.6436261
"468","석탄","OSP_CN_REN_50","2030",14212.8003861
"469","석탄","OSP_CN_REN_50","2035",11684.102056
"470","석탄","OSP_CN_REN_50","2040",4389.739247
"471","석탄","OSP_CN_REN_50","2045",0
"472","석탄","OSP_CN_REN_50","2050",0
"473","신에너지","OSP_CN_REN_50","2017",233.4491227
"474","신에너지","OSP_CN_REN_50","2020",737.9979574
"475","신에너지","OSP_CN_REN_50","2025",1279.4273511
"476","신에너지","OSP_CN_REN_50","2030",2224.8994883
"477","신에너지","OSP_CN_REN_50","2035",2441.4284878
"478","신에너지","OSP_CN_REN_50","2040",3577.6176344
"479","신에너지","OSP_CN_REN_50","2045",3376.6225918
"480","신에너지","OSP_CN_REN_50","2050",4050.9299997
"481","양수","OSP_CN_REN_50","2017",0
"482","양수","OSP_CN_REN_50","2020",360
"483","양수","OSP_CN_REN_50","2025",360
"484","양수","OSP_CN_REN_50","2030",398.29787234
"485","양수","OSP_CN_REN_50","2035",497.8723404
"486","양수","OSP_CN_REN_50","2040",497.8723404
"487","양수","OSP_CN_REN_50","2045",497.8723404
"488","양수","OSP_CN_REN_50","2050",497.8723404
"489","원자력","OSP_CN_REN_50","2017",12722.404137
"490","원자력","OSP_CN_REN_50","2020",13755.9693806
"491","원자력","OSP_CN_REN_50","2025",14998.460975
"492","원자력","OSP_CN_REN_50","2030",12069.918346
"493","원자력","OSP_CN_REN_50","2035",10294.930354
"494","원자력","OSP_CN_REN_50","2040",9111.605026
"495","원자력","OSP_CN_REN_50","2045",6744.95437
"496","원자력","OSP_CN_REN_50","2050",6744.95437
"497","천연가스CC","OSP_CN_REN_50","2017",4600.7170367
"498","천연가스CC","OSP_CN_REN_50","2020",3536.83407642
"499","천연가스CC","OSP_CN_REN_50","2025",2172.6433887
"500","천연가스CC","OSP_CN_REN_50","2030",8035.8724837
"501","천연가스CC","OSP_CN_REN_50","2035",7287.00664603
"502","천연가스CC","OSP_CN_REN_50","2040",14774.9199029
"503","천연가스CC","OSP_CN_REN_50","2045",17932.806326
"504","천연가스CC","OSP_CN_REN_50","2050",9676.158745
"505","태양광","OSP_CN_REN_50","2017",593.2285051
"506","태양광","OSP_CN_REN_50","2020",1678.8336021
"507","태양광","OSP_CN_REN_50","2025",3682.7031141
"508","태양광","OSP_CN_REN_50","2030",4420.0701241
"509","태양광","OSP_CN_REN_50","2035",8485.8072511
"510","태양광","OSP_CN_REN_50","2040",13027.24371
"511","태양광","OSP_CN_REN_50","2045",16033.40747
"512","태양광","OSP_CN_REN_50","2050",24344.16887
"513","풍력","OSP_CN_REN_50","2017",185.9827939
"514","풍력","OSP_CN_REN_50","2020",225.38809692
"515","풍력","OSP_CN_REN_50","2025",1124.0917786
"516","풍력","OSP_CN_REN_50","2030",1388.0831686
"517","풍력","OSP_CN_REN_50","2035",4915.8909596
"518","풍력","OSP_CN_REN_50","2040",4679.048742
"519","풍력","OSP_CN_REN_50","2045",4679.048742
"520","풍력","OSP_CN_REN_50","2050",4643.093906
"521","해상풍력","OSP_CN_REN_50","2017",0
"522","해상풍력","OSP_CN_REN_50","2020",79.7504196
"523","해상풍력","OSP_CN_REN_50","2025",525.8429942
"524","해상풍력","OSP_CN_REN_50","2030",2066.579861
"525","해상풍력","OSP_CN_REN_50","2035",2066.579861
"526","해상풍력","OSP_CN_REN_50","2040",2066.579861
"527","해상풍력","OSP_CN_REN_50","2045",2066.579861
"528","해상풍력","OSP_CN_REN_50","2050",2030.939635
"529","ESS","OSP_CN_REN_60","2017",0
"530","ESS","OSP_CN_REN_60","2020",0
"531","ESS","OSP_CN_REN_60","2025",0
"532","ESS","OSP_CN_REN_60","2030",0
"533","ESS","OSP_CN_REN_60","2035",107.8371155
"534","ESS","OSP_CN_REN_60","2040",103.5669202
"535","ESS","OSP_CN_REN_60","2045",745.821265
"536","ESS","OSP_CN_REN_60","2050",2469.953827
"537","기타재생","OSP_CN_REN_60","2017",1486.104225092
"538","기타재생","OSP_CN_REN_60","2020",1879.592143026
"539","기타재생","OSP_CN_REN_60","2025",1987.372730226
"540","기타재생","OSP_CN_REN_60","2030",2061.236349426
"541","기타재생","OSP_CN_REN_60","2035",2229.012284466
"542","기타재생","OSP_CN_REN_60","2040",2229.012284466
"543","기타재생","OSP_CN_REN_60","2045",2229.012284466
"544","기타재생","OSP_CN_REN_60","2050",2229.012284466
"545","석유","OSP_CN_REN_60","2017",277.076774436
"546","석유","OSP_CN_REN_60","2020",164.76016644
"547","석유","OSP_CN_REN_60","2025",83.28985949
"548","석유","OSP_CN_REN_60","2030",89.413578205
"549","석유","OSP_CN_REN_60","2035",0
"550","석유","OSP_CN_REN_60","2040",0
"551","석유","OSP_CN_REN_60","2045",0
"552","석유","OSP_CN_REN_60","2050",0
"553","석탄","OSP_CN_REN_60","2017",20359.7906381
"554","석탄","OSP_CN_REN_60","2020",20373.1756601
"555","석탄","OSP_CN_REN_60","2025",19045.6436261
"556","석탄","OSP_CN_REN_60","2030",14212.8003861
"557","석탄","OSP_CN_REN_60","2035",11012.166702
"558","석탄","OSP_CN_REN_60","2040",3236.741743
"559","석탄","OSP_CN_REN_60","2045",0
"560","석탄","OSP_CN_REN_60","2050",0
"561","신에너지","OSP_CN_REN_60","2017",233.4491227
"562","신에너지","OSP_CN_REN_60","2020",737.9979574
"563","신에너지","OSP_CN_REN_60","2025",1279.4273511
"564","신에너지","OSP_CN_REN_60","2030",2224.8994883
"565","신에너지","OSP_CN_REN_60","2035",2441.4284881
"566","신에너지","OSP_CN_REN_60","2040",3577.6176344
"567","신에너지","OSP_CN_REN_60","2045",3376.6225918
"568","신에너지","OSP_CN_REN_60","2050",4050.9300003
"569","양수","OSP_CN_REN_60","2017",0
"570","양수","OSP_CN_REN_60","2020",360
"571","양수","OSP_CN_REN_60","2025",360
"572","양수","OSP_CN_REN_60","2030",398.29787234
"573","양수","OSP_CN_REN_60","2035",497.8723404
"574","양수","OSP_CN_REN_60","2040",497.8723404
"575","양수","OSP_CN_REN_60","2045",497.8723404
"576","양수","OSP_CN_REN_60","2050",497.8723404
"577","원자력","OSP_CN_REN_60","2017",12722.404137
"578","원자력","OSP_CN_REN_60","2020",13755.9693806
"579","원자력","OSP_CN_REN_60","2025",14998.460975
"580","원자력","OSP_CN_REN_60","2030",12069.918346
"581","원자력","OSP_CN_REN_60","2035",10294.930354
"582","원자력","OSP_CN_REN_60","2040",9111.605026
"583","원자력","OSP_CN_REN_60","2045",6744.95437
"584","원자력","OSP_CN_REN_60","2050",6744.95437
"585","천연가스CC","OSP_CN_REN_60","2017",4600.7170367
"586","천연가스CC","OSP_CN_REN_60","2020",3536.83407636
"587","천연가스CC","OSP_CN_REN_60","2025",2172.6433887
"588","천연가스CC","OSP_CN_REN_60","2030",7887.0963297
"589","천연가스CC","OSP_CN_REN_60","2035",7749.91666903
"590","천연가스CC","OSP_CN_REN_60","2040",15636.232635
"591","천연가스CC","OSP_CN_REN_60","2045",15945.778977
"592","천연가스CC","OSP_CN_REN_60","2050",7692.780105
"593","태양광","OSP_CN_REN_60","2017",593.2285051
"594","태양광","OSP_CN_REN_60","2020",1678.8336021
"595","태양광","OSP_CN_REN_60","2025",3682.7031141
"596","태양광","OSP_CN_REN_60","2030",4556.8826821
"597","태양광","OSP_CN_REN_60","2035",8694.8325821
"598","태양광","OSP_CN_REN_60","2040",13289.38854
"599","태양광","OSP_CN_REN_60","2045",17895.70828
"600","태양광","OSP_CN_REN_60","2050",26459.28028
"601","풍력","OSP_CN_REN_60","2017",185.9827939
"602","풍력","OSP_CN_REN_60","2020",225.38809692
"603","풍력","OSP_CN_REN_60","2025",1124.0917786
"604","풍력","OSP_CN_REN_60","2030",1388.0831686
"605","풍력","OSP_CN_REN_60","2035",4915.8909596
"606","풍력","OSP_CN_REN_60","2040",4679.048742
"607","풍력","OSP_CN_REN_60","2045",4607.402627
"608","풍력","OSP_CN_REN_60","2050",4631.158454
"609","해상풍력","OSP_CN_REN_60","2017",0
"610","해상풍력","OSP_CN_REN_60","2020",79.7504196
"611","해상풍력","OSP_CN_REN_60","2025",525.8429942
"612","해상풍력","OSP_CN_REN_60","2030",2066.579861
"613","해상풍력","OSP_CN_REN_60","2035",2066.579861
"614","해상풍력","OSP_CN_REN_60","2040",2066.579861
"615","해상풍력","OSP_CN_REN_60","2045",2030.939635
"616","해상풍력","OSP_CN_REN_60","2050",2027.782821
"617","ESS","OSP_CN_REN_70","2017",0
"618","ESS","OSP_CN_REN_70","2020",0
"619","ESS","OSP_CN_REN_70","2025",0
"620","ESS","OSP_CN_REN_70","2030",0
"621","ESS","OSP_CN_REN_70","2035",107.8371155
"622","ESS","OSP_CN_REN_70","2040",61.36180697
"623","ESS","OSP_CN_REN_70","2045",1042.365292
"624","ESS","OSP_CN_REN_70","2050",3635.012659
"625","기타재생","OSP_CN_REN_70","2017",1486.104225092
"626","기타재생","OSP_CN_REN_70","2020",1879.592143026
"627","기타재생","OSP_CN_REN_70","2025",1987.372730226
"628","기타재생","OSP_CN_REN_70","2030",2061.236349426
"629","기타재생","OSP_CN_REN_70","2035",2229.012284466
"630","기타재생","OSP_CN_REN_70","2040",2229.012284466
"631","기타재생","OSP_CN_REN_70","2045",2229.012284466
"632","기타재생","OSP_CN_REN_70","2050",2261.507184376
"633","석유","OSP_CN_REN_70","2017",277.076774436
"634","석유","OSP_CN_REN_70","2020",164.76016644
"635","석유","OSP_CN_REN_70","2025",83.28985949
"636","석유","OSP_CN_REN_70","2030",89.413578205
"637","석유","OSP_CN_REN_70","2035",0
"638","석유","OSP_CN_REN_70","2040",0
"639","석유","OSP_CN_REN_70","2045",0
"640","석유","OSP_CN_REN_70","2050",0
"641","석탄","OSP_CN_REN_70","2017",20359.7906381
"642","석탄","OSP_CN_REN_70","2020",20373.1756601
"643","석탄","OSP_CN_REN_70","2025",19045.6436261
"644","석탄","OSP_CN_REN_70","2030",14212.8003861
"645","석탄","OSP_CN_REN_70","2035",10340.231348
"646","석탄","OSP_CN_REN_70","2040",2052.789329
"647","석탄","OSP_CN_REN_70","2045",0
"648","석탄","OSP_CN_REN_70","2050",0
"649","신에너지","OSP_CN_REN_70","2017",233.4491227
"650","신에너지","OSP_CN_REN_70","2020",737.9979574
"651","신에너지","OSP_CN_REN_70","2025",1279.4273511
"652","신에너지","OSP_CN_REN_70","2030",2224.8994883
"653","신에너지","OSP_CN_REN_70","2035",2441.4284884
"654","신에너지","OSP_CN_REN_70","2040",3531.0966327
"655","신에너지","OSP_CN_REN_70","2045",3376.6225918
"656","신에너지","OSP_CN_REN_70","2050",4050.9299995
"657","양수","OSP_CN_REN_70","2017",0
"658","양수","OSP_CN_REN_70","2020",360
"659","양수","OSP_CN_REN_70","2025",360
"660","양수","OSP_CN_REN_70","2030",398.29787234
"661","양수","OSP_CN_REN_70","2035",497.8723404
"662","양수","OSP_CN_REN_70","2040",497.8723404
"663","양수","OSP_CN_REN_70","2045",497.8723404
"664","양수","OSP_CN_REN_70","2050",497.8723404
"665","원자력","OSP_CN_REN_70","2017",12722.404137
"666","원자력","OSP_CN_REN_70","2020",13755.9693806
"667","원자력","OSP_CN_REN_70","2025",14998.460975
"668","원자력","OSP_CN_REN_70","2030",12069.918346
"669","원자력","OSP_CN_REN_70","2035",10294.930354
"670","원자력","OSP_CN_REN_70","2040",9111.605026
"671","원자력","OSP_CN_REN_70","2045",6744.95437
"672","원자력","OSP_CN_REN_70","2050",6744.95437
"673","천연가스CC","OSP_CN_REN_70","2017",4600.7170367
"674","천연가스CC","OSP_CN_REN_70","2020",3536.8340768
"675","천연가스CC","OSP_CN_REN_70","2025",2172.6433887
"676","천연가스CC","OSP_CN_REN_70","2030",7738.3201767
"677","천연가스CC","OSP_CN_REN_70","2035",8212.82669203
"678","천연가스CC","OSP_CN_REN_70","2040",16640.914232
"679","천연가스CC","OSP_CN_REN_70","2045",13958.5543446
"680","천연가스CC","OSP_CN_REN_70","2050",5709.401466
"681","태양광","OSP_CN_REN_70","2017",593.2285051
"682","태양광","OSP_CN_REN_70","2020",1678.8336021
"683","태양광","OSP_CN_REN_70","2025",3682.7031141
"684","태양광","OSP_CN_REN_70","2030",4693.6952411
"685","태양광","OSP_CN_REN_70","2035",8903.8579131
"686","태양광","OSP_CN_REN_70","2040",13486.19375
"687","태양광","OSP_CN_REN_70","2045",19876.83989
"688","태양광","OSP_CN_REN_70","2050",28491.53015
"689","풍력","OSP_CN_REN_70","2017",185.9827939
"690","풍력","OSP_CN_REN_70","2020",225.38809692
"691","풍력","OSP_CN_REN_70","2025",1124.0917786
"692","풍력","OSP_CN_REN_70","2030",1388.0831686
"693","풍력","OSP_CN_REN_70","2035",4915.8909596
"694","풍력","OSP_CN_REN_70","2040",4679.048742
"695","풍력","OSP_CN_REN_70","2045",4651.886423
"696","풍력","OSP_CN_REN_70","2050",4643.093906
"697","해상풍력","OSP_CN_REN_70","2017",0
"698","해상풍력","OSP_CN_REN_70","2020",79.7504196
"699","해상풍력","OSP_CN_REN_70","2025",525.8429942
"700","해상풍력","OSP_CN_REN_70","2030",2066.579861
"701","해상풍력","OSP_CN_REN_70","2035",2066.579861
"702","해상풍력","OSP_CN_REN_70","2040",2066.579861
"703","해상풍력","OSP_CN_REN_70","2045",2034.93616
"704","해상풍력","OSP_CN_REN_70","2050",2037.07066
"705","ESS","OSP_CN_REN_80","2017",0
"706","ESS","OSP_CN_REN_80","2020",0
"707","ESS","OSP_CN_REN_80","2025",0
"708","ESS","OSP_CN_REN_80","2030",0
"709","ESS","OSP_CN_REN_80","2035",107.8371155
"710","ESS","OSP_CN_REN_80","2040",44.74447822
"711","ESS","OSP_CN_REN_80","2045",1207.017641
"712","ESS","OSP_CN_REN_80","2050",5549.149127
"713","기타재생","OSP_CN_REN_80","2017",1486.104225092
"714","기타재생","OSP_CN_REN_80","2020",1879.592143026
"715","기타재생","OSP_CN_REN_80","2025",1987.372730226
"716","기타재생","OSP_CN_REN_80","2030",2061.236349426
"717","기타재생","OSP_CN_REN_80","2035",2229.012284466
"718","기타재생","OSP_CN_REN_80","2040",2229.012284466
"719","기타재생","OSP_CN_REN_80","2045",2229.012284466
"720","기타재생","OSP_CN_REN_80","2050",2258.967871406
"721","석유","OSP_CN_REN_80","2017",277.076774436
"722","석유","OSP_CN_REN_80","2020",164.76016644
"723","석유","OSP_CN_REN_80","2025",83.28985949
"724","석유","OSP_CN_REN_80","2030",89.413578205
"725","석유","OSP_CN_REN_80","2035",0
"726","석유","OSP_CN_REN_80","2040",0
"727","석유","OSP_CN_REN_80","2045",0
"728","석유","OSP_CN_REN_80","2050",0
"729","석탄","OSP_CN_REN_80","2017",20359.7906381
"730","석탄","OSP_CN_REN_80","2020",20373.1756601
"731","석탄","OSP_CN_REN_80","2025",19045.6436261
"732","석탄","OSP_CN_REN_80","2030",14212.8003861
"733","석탄","OSP_CN_REN_80","2035",9667.46933
"734","석탄","OSP_CN_REN_80","2040",804.3449027
"735","석탄","OSP_CN_REN_80","2045",0
"736","석탄","OSP_CN_REN_80","2050",0
"737","신에너지","OSP_CN_REN_80","2017",233.4491227
"738","신에너지","OSP_CN_REN_80","2020",737.9979574
"739","신에너지","OSP_CN_REN_80","2025",1279.4273511
"740","신에너지","OSP_CN_REN_80","2030",2224.8994883
"741","신에너지","OSP_CN_REN_80","2035",2441.4284883
"742","신에너지","OSP_CN_REN_80","2040",3435.98067233
"743","신에너지","OSP_CN_REN_80","2045",3376.6225918
"744","신에너지","OSP_CN_REN_80","2050",4050.9299996
"745","양수","OSP_CN_REN_80","2017",0
"746","양수","OSP_CN_REN_80","2020",360
"747","양수","OSP_CN_REN_80","2025",360
"748","양수","OSP_CN_REN_80","2030",398.29787234
"749","양수","OSP_CN_REN_80","2035",497.8723404
"750","양수","OSP_CN_REN_80","2040",497.8723404
"751","양수","OSP_CN_REN_80","2045",497.8723404
"752","양수","OSP_CN_REN_80","2050",497.8723404
"753","원자력","OSP_CN_REN_80","2017",12722.404137
"754","원자력","OSP_CN_REN_80","2020",13755.9693806
"755","원자력","OSP_CN_REN_80","2025",14998.460975
"756","원자력","OSP_CN_REN_80","2030",12069.918346
"757","원자력","OSP_CN_REN_80","2035",10294.930354
"758","원자력","OSP_CN_REN_80","2040",9111.605026
"759","원자력","OSP_CN_REN_80","2045",6744.95437
"760","원자력","OSP_CN_REN_80","2050",6744.95437
"761","천연가스CC","OSP_CN_REN_80","2017",4600.7170367
"762","천연가스CC","OSP_CN_REN_80","2020",3536.8340767
"763","천연가스CC","OSP_CN_REN_80","2025",2172.6433887
"764","천연가스CC","OSP_CN_REN_80","2030",7589.5440237
"765","천연가스CC","OSP_CN_REN_80","2035",8677.36079703
"766","천연가스CC","OSP_CN_REN_80","2040",17858.553166
"767","천연가스CC","OSP_CN_REN_80","2045",11970.97236471
"768","천연가스CC","OSP_CN_REN_80","2050",3726.022826
"769","태양광","OSP_CN_REN_80","2017",593.2285051
"770","태양광","OSP_CN_REN_80","2020",1678.8336021
"771","태양광","OSP_CN_REN_80","2025",3682.7031141
"772","태양광","OSP_CN_REN_80","2030",4830.5077991
"773","태양광","OSP_CN_REN_80","2035",9112.0858261
"774","태양광","OSP_CN_REN_80","2040",13597.03839
"775","태양광","OSP_CN_REN_80","2045",22086.27967
"776","태양광","OSP_CN_REN_80","2050",30828.76123
"777","풍력","OSP_CN_REN_80","2017",185.9827939
"778","풍력","OSP_CN_REN_80","2020",225.38809692
"779","풍력","OSP_CN_REN_80","2025",1124.0917786
"780","풍력","OSP_CN_REN_80","2030",1388.0831686
"781","풍력","OSP_CN_REN_80","2035",4915.8909596
"782","풍력","OSP_CN_REN_80","2040",4679.048742
"783","풍력","OSP_CN_REN_80","2045",4607.402627
"784","풍력","OSP_CN_REN_80","2050",4633.047198
"785","해상풍력","OSP_CN_REN_80","2017",0
"786","해상풍력","OSP_CN_REN_80","2020",79.7504196
"787","해상풍력","OSP_CN_REN_80","2025",525.8429942
"788","해상풍력","OSP_CN_REN_80","2030",2066.579861
"789","해상풍력","OSP_CN_REN_80","2035",2066.579861
"790","해상풍력","OSP_CN_REN_80","2040",2066.579861
"791","해상풍력","OSP_CN_REN_80","2045",2025.629945
"792","해상풍력","OSP_CN_REN_80","2050",2044.150819
"793","ESS","OSP_CN_REN_90","2017",0
"794","ESS","OSP_CN_REN_90","2020",0
"795","ESS","OSP_CN_REN_90","2025",0
"796","ESS","OSP_CN_REN_90","2030",0
"797","ESS","OSP_CN_REN_90","2035",107.8371155
"798","ESS","OSP_CN_REN_90","2040",63.95048322
"799","ESS","OSP_CN_REN_90","2045",1605.113403
"800","ESS","OSP_CN_REN_90","2050",7568.877155
"801","기타재생","OSP_CN_REN_90","2017",1486.104225092
"802","기타재생","OSP_CN_REN_90","2020",1879.592143026
"803","기타재생","OSP_CN_REN_90","2025",1987.372730226
"804","기타재생","OSP_CN_REN_90","2030",2061.236349426
"805","기타재생","OSP_CN_REN_90","2035",2229.012284466
"806","기타재생","OSP_CN_REN_90","2040",2229.012284466
"807","기타재생","OSP_CN_REN_90","2045",2229.012284466
"808","기타재생","OSP_CN_REN_90","2050",2258.823701806
"809","석유","OSP_CN_REN_90","2017",277.076774436
"810","석유","OSP_CN_REN_90","2020",164.76016644
"811","석유","OSP_CN_REN_90","2025",83.28985949
"812","석유","OSP_CN_REN_90","2030",89.413578205
"813","석유","OSP_CN_REN_90","2035",0
"814","석유","OSP_CN_REN_90","2040",0
"815","석유","OSP_CN_REN_90","2045",0
"816","석유","OSP_CN_REN_90","2050",0
"817","석탄","OSP_CN_REN_90","2017",20359.7906381
"818","석탄","OSP_CN_REN_90","2020",20373.1756601
"819","석탄","OSP_CN_REN_90","2025",19045.6436261
"820","석탄","OSP_CN_REN_90","2030",14212.8003861
"821","석탄","OSP_CN_REN_90","2035",8991.1872992
"822","석탄","OSP_CN_REN_90","2040",0
"823","석탄","OSP_CN_REN_90","2045",0
"824","석탄","OSP_CN_REN_90","2050",0
"825","신에너지","OSP_CN_REN_90","2017",233.4491227
"826","신에너지","OSP_CN_REN_90","2020",737.9979574
"827","신에너지","OSP_CN_REN_90","2025",1279.4273511
"828","신에너지","OSP_CN_REN_90","2030",2224.8994883
"829","신에너지","OSP_CN_REN_90","2035",2441.4284886
"830","신에너지","OSP_CN_REN_90","2040",3376.6225918
"831","신에너지","OSP_CN_REN_90","2045",3376.6225918
"832","신에너지","OSP_CN_REN_90","2050",4050.9299998
"833","양수","OSP_CN_REN_90","2017",0
"834","양수","OSP_CN_REN_90","2020",360
"835","양수","OSP_CN_REN_90","2025",360
"836","양수","OSP_CN_REN_90","2030",398.29787234
"837","양수","OSP_CN_REN_90","2035",497.8723404
"838","양수","OSP_CN_REN_90","2040",497.8723404
"839","양수","OSP_CN_REN_90","2045",497.8723404
"840","양수","OSP_CN_REN_90","2050",497.8723404
"841","원자력","OSP_CN_REN_90","2017",12722.404137
"842","원자력","OSP_CN_REN_90","2020",13755.9693806
"843","원자력","OSP_CN_REN_90","2025",14998.460975
"844","원자력","OSP_CN_REN_90","2030",12069.918346
"845","원자력","OSP_CN_REN_90","2035",10294.930354
"846","원자력","OSP_CN_REN_90","2040",9111.605026
"847","원자력","OSP_CN_REN_90","2045",6744.95437
"848","원자력","OSP_CN_REN_90","2050",6744.95437
"849","천연가스CC","OSP_CN_REN_90","2017",4600.7170367
"850","천연가스CC","OSP_CN_REN_90","2020",3536.83407671
"851","천연가스CC","OSP_CN_REN_90","2025",2172.6433887
"852","천연가스CC","OSP_CN_REN_90","2030",7440.7678707
"853","천연가스CC","OSP_CN_REN_90","2035",9148.80556896
"854","천연가스CC","OSP_CN_REN_90","2040",18140.733736
"855","천연가스CC","OSP_CN_REN_90","2045",9983.2585933
"856","천연가스CC","OSP_CN_REN_90","2050",1742.6441858
"857","태양광","OSP_CN_REN_90","2017",593.2285051
"858","태양광","OSP_CN_REN_90","2020",1678.8336021
"859","태양광","OSP_CN_REN_90","2025",3682.7031141
"860","태양광","OSP_CN_REN_90","2030",4967.3203581
"861","태양광","OSP_CN_REN_90","2035",9316.9230851
"862","태양광","OSP_CN_REN_90","2040",14441.65226
"863","태양광","OSP_CN_REN_90","2045",24345.61151
"864","태양광","OSP_CN_REN_90","2050",33299.18398
"865","풍력","OSP_CN_REN_90","2017",185.9827939
"866","풍력","OSP_CN_REN_90","2020",225.38809692
"867","풍력","OSP_CN_REN_90","2025",1124.0917786
"868","풍력","OSP_CN_REN_90","2030",1388.0831686
"869","풍력","OSP_CN_REN_90","2035",4915.8909596
"870","풍력","OSP_CN_REN_90","2040",4595.380688
"871","풍력","OSP_CN_REN_90","2045",4598.35389
"872","풍력","OSP_CN_REN_90","2050",4598.181513
"873","해상풍력","OSP_CN_REN_90","2017",0
"874","해상풍력","OSP_CN_REN_90","2020",79.7504196
"875","해상풍력","OSP_CN_REN_90","2025",525.8429942
"876","해상풍력","OSP_CN_REN_90","2030",2066.579861
"877","해상풍력","OSP_CN_REN_90","2035",2066.579861
"878","해상풍력","OSP_CN_REN_90","2040",2025.629945
"879","해상풍력","OSP_CN_REN_90","2045",1962.708541
"880","해상풍력","OSP_CN_REN_90","2050",2025.424974
"881","ESS","OSP_NET_ZERO","2017",0
"882","ESS","OSP_NET_ZERO","2020",0
"883","ESS","OSP_NET_ZERO","2025",0
"884","ESS","OSP_NET_ZERO","2030",0
"885","ESS","OSP_NET_ZERO","2035",107.8371155
"886","ESS","OSP_NET_ZERO","2040",584.9263068
"887","ESS","OSP_NET_ZERO","2045",3109.58794
"888","ESS","OSP_NET_ZERO","2050",11278.33328
"889","기타재생","OSP_NET_ZERO","2017",1486.104225092
"890","기타재생","OSP_NET_ZERO","2020",1879.592143026
"891","기타재생","OSP_NET_ZERO","2025",1987.372730226
"892","기타재생","OSP_NET_ZERO","2030",2061.236349426
"893","기타재생","OSP_NET_ZERO","2035",2229.012284466
"894","기타재생","OSP_NET_ZERO","2040",2229.012284466
"895","기타재생","OSP_NET_ZERO","2045",2229.012284466
"896","기타재생","OSP_NET_ZERO","2050",2247.279912146
"897","석유","OSP_NET_ZERO","2017",277.076774436
"898","석유","OSP_NET_ZERO","2020",164.76016644
"899","석유","OSP_NET_ZERO","2025",83.28985949
"900","석유","OSP_NET_ZERO","2030",89.413578205
"901","석유","OSP_NET_ZERO","2035",0
"902","석유","OSP_NET_ZERO","2040",0
"903","석유","OSP_NET_ZERO","2045",0
"904","석유","OSP_NET_ZERO","2050",0
"905","석탄","OSP_NET_ZERO","2017",20359.7906381
"906","석탄","OSP_NET_ZERO","2020",20373.1756601
"907","석탄","OSP_NET_ZERO","2025",19045.6436261
"908","석탄","OSP_NET_ZERO","2030",14212.8003861
"909","석탄","OSP_NET_ZERO","2035",8313.699249
"910","석탄","OSP_NET_ZERO","2040",0
"911","석탄","OSP_NET_ZERO","2045",0
"912","석탄","OSP_NET_ZERO","2050",0
"913","신에너지","OSP_NET_ZERO","2017",233.4491227
"914","신에너지","OSP_NET_ZERO","2020",737.9979574
"915","신에너지","OSP_NET_ZERO","2025",1279.4273511
"916","신에너지","OSP_NET_ZERO","2030",2224.8994883
"917","신에너지","OSP_NET_ZERO","2035",2441.4284878
"918","신에너지","OSP_NET_ZERO","2040",3376.6225918
"919","신에너지","OSP_NET_ZERO","2045",3492.3455922
"920","신에너지","OSP_NET_ZERO","2050",4050.9299999
"921","양수","OSP_NET_ZERO","2017",0
"922","양수","OSP_NET_ZERO","2020",360
"923","양수","OSP_NET_ZERO","2025",360
"924","양수","OSP_NET_ZERO","2030",398.29787234
"925","양수","OSP_NET_ZERO","2035",497.8723404
"926","양수","OSP_NET_ZERO","2040",497.8723404
"927","양수","OSP_NET_ZERO","2045",497.8723404
"928","양수","OSP_NET_ZERO","2050",497.8723404
"929","원자력","OSP_NET_ZERO","2017",12722.404137
"930","원자력","OSP_NET_ZERO","2020",13755.9693806
"931","원자력","OSP_NET_ZERO","2025",14998.460975
"932","원자력","OSP_NET_ZERO","2030",12069.918346
"933","원자력","OSP_NET_ZERO","2035",10294.930354
"934","원자력","OSP_NET_ZERO","2040",9111.605026
"935","원자력","OSP_NET_ZERO","2045",6744.95437
"936","원자력","OSP_NET_ZERO","2050",6744.95437
"937","천연가스CC","OSP_NET_ZERO","2017",4600.7170367
"938","천연가스CC","OSP_NET_ZERO","2020",3536.83407598
"939","천연가스CC","OSP_NET_ZERO","2025",2172.6433887
"940","천연가스CC","OSP_NET_ZERO","2030",7291.9917177
"941","천연가스CC","OSP_NET_ZERO","2035",9622.35926303
"942","천연가스CC","OSP_NET_ZERO","2040",16738.582618
"943","천연가스CC","OSP_NET_ZERO","2045",7995.547872
"944","천연가스CC","OSP_NET_ZERO","2050",0
"945","태양광","OSP_NET_ZERO","2017",593.2285051
"946","태양광","OSP_NET_ZERO","2020",1678.8336021
"947","태양광","OSP_NET_ZERO","2025",3682.7031141
"948","태양광","OSP_NET_ZERO","2030",5114.2410071
"949","태양광","OSP_NET_ZERO","2035",9520.8574411
"950","태양광","OSP_NET_ZERO","2040",15951.10656
"951","태양광","OSP_NET_ZERO","2045",26305.09274
"952","태양광","OSP_NET_ZERO","2050",39189.71565
"953","풍력","OSP_NET_ZERO","2017",185.9827939
"954","풍력","OSP_NET_ZERO","2020",225.38809692
"955","풍력","OSP_NET_ZERO","2025",1124.0917786
"956","풍력","OSP_NET_ZERO","2030",1388.0831686
"957","풍력","OSP_NET_ZERO","2035",4915.8909596
"958","풍력","OSP_NET_ZERO","2040",4595.380688
"959","풍력","OSP_NET_ZERO","2045",4612.235458
"960","풍력","OSP_NET_ZERO","2050",4564.313896
"961","해상풍력","OSP_NET_ZERO","2017",0
"962","해상풍력","OSP_NET_ZERO","2020",79.7504196
"963","해상풍력","OSP_NET_ZERO","2025",525.8429942
"964","해상풍력","OSP_NET_ZERO","2030",2066.579861
"965","해상풍력","OSP_NET_ZERO","2035",2066.579861
"966","해상풍력","OSP_NET_ZERO","2040",2029.626471
"967","해상풍력","OSP_NET_ZERO","2045",2027.782821
"968","해상풍력","OSP_NET_ZERO","2050",2015.905304
